building,mean,min,max,sum
BuildingA,55.92190901157758,10.058356543246038,99.93506563623733,79185.42316039385
BuildingB,54.70255239703601,10.229644603232602,99.95767134131007,77458.81419420299
BuildingC,55.9203431839069,10.02642170414928,99.98496838641552,79183.20594841217
